{"sane": true, "normalizes": true, "log_prob": -940.6409878619015, "avg_log_prob": -1.881281975723803, "perplexity": 6.561911683849586}